,Model,RMSE,R2,Method
0,Decision Tree,0.5830151609525922,0.42000413282955107,2
