,"Temperature, water",Specific conductance,Oxygen,HydrologicEvent,Intercept
0,0.2167581598667755,0.09913985473028679,0.33994401191036117,-0.0795048043450655,7.654035412287642
